id,arrival_time,wait_triage,wait_consultation,wait_diagnostics,wait_treatment,service_triage,service_consultation,service_diagnostics,service_treatment,departure_time,los
1,0.04080241149099204,0.0,0.0,0.0,0.0,0.03788792785051703,0.43676027436363424,0.8379228340041103,0.602511988280373,1.9558854359896265,1.9150830244986345
2,0.1269909155205805,0.0,0.0,0.6766046434625963,0.0,0.15742380018338584,0.7406577343288666,0.6282247319356354,0.8395790227470362,3.169480848178101,3.0424899326575208
3,0.21212916281472455,0.0,0.0,0.0,0.0,0.17966849114602276,0.5690332709500049,0.740846168584677,0.24455632840209973,1.946233421897529,1.7341042590828044
4,0.28444724802183735,0.0,0.0,0.3884904506984459,0.0,0.2820830612449708,0.3983526877439996,1.0906201848967692,1.8866475034247887,4.3306411360308115,4.0461938880089745
5,0.9481613457881115,0.0,0.0,0.6621867013226748,0.36302799855921375,0.04674312496401121,0.6728106533562672,0.4765510241878227,2.7789178792277145,5.948398727405816,5.000237381617704
6,1.275712857110805,0.0,0.0,0.7148913686529825,1.0950774235264809,0.017420948757797247,0.43596845808443796,0.791570079898308,0.8710611769966189,5.201702313027431,3.9259894559166257
7,1.5625583471009914,0.0,0.0,0.6103912302069263,1.9069313675258885,0.17171902822412785,0.461784244086842,0.48831809588265485,0.201269110253808,5.4029714232812385,3.840413076180247
8,1.9287540051016616,0.0,0.0,0.6627062321636319,1.3924288585672953,0.002950337020473121,0.6411531382185641,1.0368104657698674,0.8884551995103136,6.553258236351807,4.624504231250145
9,1.9444257284275483,0.0,0.0,0.5458853350265374,1.609622903000992,0.4404764936648366,0.36398338838262,0.49857757477870424,0.2618316135602546,5.6648030368414934,3.720377308413945
10,2.0285782452013406,0.0,0.0,0.76343186455202,1.3965430661807154,0.010758644519095825,0.9905797660077902,0.7585071409448536,0.6939714664902621,6.6423701938960775,4.613791948694737
11,2.414127557528165,0.0,0.11973121267891118,1.380009007906351,1.3247508149845695,0.03899871013362262,0.5989891729780504,0.6766517601421371,0.7587460787738818,7.312004315125689,4.897876757597524
12,2.602126392517426,0.0,0.06412176868456765,1.2324926481991794,1.3795572018881446,0.08263744927301124,0.29099591960001403,0.9904388137337344,0.514989670598909,7.157359864494986,4.5552334719775605
13,2.9399848914012314,0.0,0.0,1.7215887977735873,1.2932523204173334,0.2712085600518684,0.2957251721405505,0.7902445733411181,0.4144368617406962,7.726441176866385,4.786456285465153
14,3.2500750728697905,0.0,0.0,1.5491751670542326,0.8168204405489554,0.6330764375865606,0.5864253171977714,0.8908687416090739,0.09731195542120877,7.823753132287594,4.573678059417803
15,3.700430603866597,0.0,0.0,1.1571517047241127,1.3975142206260864,0.1048296386678528,0.30040104474936996,0.49703265186096685,0.4344329230668433,7.59179278756183,3.891362183695233
16,3.792606702822554,0.012653539711895867,0.0,1.4666570658555038,1.2065268218319547,0.14489366174775786,0.34303467373118834,0.6254203218609748,2.3903975383911837,9.982190325953013,6.189583623130459
17,4.036449923470902,0.0,0.11553337053660506,2.244676792119984,1.2449858739186705,0.9708554291392479,0.6173552077729557,0.6826608019896331,0.5552735847833468,10.467790983731344,6.431341060260443
18,4.289497318239593,0.0,0.0,1.5570842960918645,0.5052497883679061,0.053368176101105426,0.48531617529731286,0.9332373781898128,0.0915198867397242,7.915273019027318,3.6257757007877256
19,4.54993855480864,0.0,0.0,1.7867820131706749,0.3687253081843185,0.048585579616525716,0.5243145887215893,0.6369269745255702,0.40421214473282996,8.319485163760149,3.769546608951509
20,4.571975010144957,0.026549124280208503,0.0,2.0239299605351038,0.3346144407204541,0.20277287294428342,0.4932763760151352,0.6663673791200069,0.45743369864030514,8.776918862400453,4.2049438522554965
21,4.6532799352826,0.14801707208684878,0.006435134552840616,2.0656408164699975,0.5628639858704751,0.020449527715720797,0.6527252247349918,0.6675071656869792,1.1355985365475438,9.912517398947998,5.259237463665397
22,5.525138313717822,0.0,0.0,1.9207539680860446,1.145740242132776,0.1955938683956196,0.5725687263304919,0.6223952072902587,0.31126593224083277,10.293456258193846,4.768317944476024
23,5.946984574551342,0.0,0.0,2.0467680025366377,1.1474846391095515,0.08428840639736171,0.5894905415439856,0.4784400940549668,0.3123907991271117,10.605847057320958,4.6588624827696155
24,6.0877246383087,0.0,0.0,2.1863747280280315,0.721911872053898,0.15033484319404228,0.4120158742894629,1.047485101446823,0.2188103048115876,10.824657362132545,4.736932723823845
25,6.2385183916583795,0.0,0.0,2.4524301844007317,0.7041662402738513,0.14904275522848692,0.3059802877966966,0.6176531243731987,0.42652184333174503,10.89431282706309,4.65579443540471
26,6.3778068830272625,0.0,0.21393955401635179,2.3805728724845556,0.0,0.029017085449074782,0.7622883484802477,1.2348872385169574,0.567813039560102,11.566325021534553,5.18851813850729
27,6.891337411804169,0.0,0.0,2.317408503577491,0.023797730584414367,0.11733320307630772,0.5578560668090919,0.9169244462810702,1.0087261502620497,11.833383512394594,4.942046100590425
28,7.294149081598401,0.0,0.0,3.1771892455654314,0.0,0.004418155835949534,0.32510314854834854,0.9151696655193791,0.8394844211648905,12.5555137182324,5.261364636633998
29,7.317045491484498,0.0,0.045525513264101036,3.166500226227166,0.0,0.020480866224338125,0.44895988477434756,0.9900841315040257,1.0987542117960092,13.087350325274485,5.770304833789988
30,7.375484635236597,0.0,0.16916683321098525,3.8355754479584547,1.3074481792023338,0.02187521324198645,0.7391998963671198,0.7367006068402184,0.043057416199445156,14.228508228257141,6.853023593020544
31,7.550863814422937,0.0,0.16485794426877387,3.596423697115954,0.41421169221725584,0.11628999705557383,0.28759384420427075,0.4252727289476337,3.935033288183477,16.490547006415877,8.939683191992941
32,7.625010522073309,0.0,0.0,3.850579813786121,0.48208270333974035,0.024798843649520865,0.4882069339695255,0.6166715084562685,1.0981004867832092,14.185450812057695,6.5604402899843866
33,7.625834144285176,0.023975221437653182,0.2894675896935288,4.021229073288779,1.0529639074450312,0.18032864453519698,0.4644329486944113,0.5702766988773641,0.5173864836210362,14.745894711878178,7.1200605675930015
34,8.032803023234838,0.0,0.0,4.16183827375197,2.3451552992109033,0.2848615238263323,0.794546890874186,0.14809850686773918,0.21563155861828368,15.982935076384253,7.9501320531494155
35,8.092023864111972,0.0,0.20927797990165686,4.38629597024055,1.942956727323626,0.6188228308573047,0.4789245272067612,0.6085408565592765,1.029111888390875,17.365954644592023,9.27393078048005
36,8.114244794978838,0.20341975208233265,0.0,4.188014222675745,2.1975899040660085,0.18429549249902025,0.4855700585761738,0.6098008515061349,0.056583724627016704,16.03951880101127,7.925274006032431
37,8.201875777877445,0.3000842616827448,0.0,3.9578779579844277,1.4718450001908518,0.085792030035917,0.3323726052748267,0.3960470788319641,1.0214088058877906,15.767303517765969,7.5654277398885235
38,8.466067627911913,0.12168444168419335,0.3830904545252114,4.7616983236396475,2.358877900096818,0.14136891381403788,0.391136737782033,0.7420302451381693,0.1275236447618946,17.493478289353916,9.027410661442003
39,8.615670809203705,0.09517588576557223,0.2632582018713361,4.060483570081612,1.7744723016542334,0.01342520129575083,0.37413455033708953,0.8428982808019699,0.2973239551898794,16.336842756201147,7.721171946997442
40,8.624863492570615,0.0994084036944134,0.4837924504795712,4.646378020851509,1.6329486201782384,0.19098485533309556,0.34845880594831746,0.46371235736011795,2.2245250971467794,18.715072103562655,10.09020861099204
41,8.701743209590113,0.027377773820031592,0.5319596802994422,4.991319302811233,2.148000672568527,0.10058398476386779,0.6540927932105187,0.3384008722901854,4.166101726760019,21.659580016113935,12.957836806523822
42,8.820051837745298,0.009653130428713297,0.5723997606851228,5.00709646383044,3.0215597475468456,0.10124344685825393,0.34715374668981136,0.8359139697781706,0.3611793391156536,19.07625144267831,10.25619960493301
43,8.865486068162834,0.04977068343528934,0.7360938856211465,5.715902475104958,3.4869436399709777,0.09615737080674129,0.7745465442301029,0.5010651846935404,0.8600717966847226,21.086037648710313,12.220551580547479
44,8.912564655380443,0.018383759651822373,0.7140284786604525,5.163514305900396,2.838294415317236,0.20552502871448092,0.33146138847779516,0.8924794105756828,0.5529895414159839,19.62924098409429,10.716676328713849
45,8.947413104110922,0.06400101829394345,0.9551069482802887,5.185240079468743,3.1792604157888,0.21544224019984004,0.32630896566207235,0.7564682122896843,0.5967248679313009,20.225965852025592,11.27855274791467
46,8.99595449808148,0.14051894566526713,0.8496184790007515,5.899201194241705,3.7893894290045864,0.029665518936474605,1.3170454675181293,0.7877438520190432,2.0258094502153345,23.83494683468277,14.838992336601292
47,9.004511162781856,0.161627799901364,1.2212333041577725,5.492424630221787,4.215614828045073,0.12090000970607363,0.7383253052857603,0.5319737411287837,3.1255500139428327,24.612160795171302,15.607649632389446
48,9.035214266448733,0.19164209615597194,1.2001370277217234,5.526959628281261,3.854033545266507,0.09506116192968608,0.400966387768114,0.7820235351383165,0.4005731325181574,21.48661078122847,12.451396514779738
49,9.044967746093183,0.24207122629611,1.5385466135418504,5.859309630115664,3.7762290160016825,0.09743535409308546,0.4886653830435041,0.6123550469288533,0.14955736835350322,21.809137384467437,12.764169638374254
50,9.12629384660677,0.1956236779276228,1.830775553654556,6.148037322159807,5.909126162356664,0.25899324487878533,0.46002431023530965,0.6832866773517884,1.3263908550948567,25.93855165026616,16.812257803659392
51,9.136617905630896,0.24785642085148396,1.8237563646423514,6.195584983403474,5.282864567575135,0.03836689070809635,0.4411684348759514,0.6687312669953833,1.0277995222574092,24.862746356940182,15.726128451309286
52,9.16717228875151,0.2556689284389648,1.7644180174476674,6.396287419355103,6.098968466914524,0.14554367456395917,0.9739443042574353,0.95383496730627,0.22228380920229082,25.978121876237726,16.810949587486213
53,9.233713504931117,0.33467138682331665,2.0677412954179424,6.54246014224049,5.789717618674146,0.05163982953640198,0.3218561081583674,0.5209464711583999,0.8930917100952538,25.755838067035434,16.522124562104317
54,9.24186497284544,0.3390457965677385,2.246614168086488,7.274610395103673,6.801522700208608,0.1820971873674801,0.9485105654151572,0.355890089202577,0.6631916016047137,28.053347476401875,18.811482503556434
55,9.355116825956017,0.26490789533481873,2.160906860123946,6.9238847126089045,6.2190294395198755,0.09077905188826174,0.8612742542089621,0.7447340802180327,0.7695227549383439,27.390155874797163,18.035039048841146
56,9.358195617358035,0.35260815582106275,2.789627393619643,7.135519567638282,6.6279078796506425,0.23255372071326408,0.7201287194382677,0.719343598865866,0.2554229885646778,28.19130764166974,18.833112024311706
57,9.36039959954144,0.4026083572392185,2.4257647790932406,6.4732945646560545,6.036104826800987,0.11797447758563791,0.2929869601504457,0.8294180851991383,1.9732743121837761,27.911825962449935,18.551426362908494
58,9.39349780340177,0.4874846309645253,2.667671443743119,6.97957117988123,5.745378790851749,0.051080295500566426,0.3231414699739615,0.3302962619208043,0.6425112436210922,26.62063311985882,17.22713531645705
59,9.432024344461002,0.5000383854058601,3.2458326568100375,7.5446589268255195,6.23846935894673,0.10212209800709694,0.48330036194490417,0.6448615092685889,3.0596883809711968,31.250996022640937,21.818971678179935
60,9.495238077138778,0.4481194167535847,2.966938849974925,7.121586195654947,6.955597639695451,0.012579299716656406,0.3571418411000536,0.554624642415539,0.024058690655129257,27.935884653105063,18.440646575966284
61,9.538440864414774,0.41749592919424394,2.9960943483894766,7.408565705511865,6.631214362018131,0.006101548283808702,0.589529926960316,0.4659047916292598,0.8038809343485941,28.85722841075047,19.318787546335695
62,9.538548036764656,0.4234903051281709,3.40622261606652,7.614764634714152,6.562576879688347,0.08485264899092594,0.3542548727193178,0.8725184166783768,0.6389824555051412,29.49621086625561,19.957662829490953
63,9.57458552439766,0.45959930347629907,3.6820268475102047,7.7966518877242095,6.895544643985353,0.047106171244737455,0.39286854836990137,0.6478279395472463,2.2597951991284715,31.75600606538408,22.181420540986423
64,9.623682801600092,0.42320818928366144,3.494612123883403,8.019158093646476,8.538743025559011,0.006159502475462228,0.7278308201730276,0.41760146601980197,0.8014149138391027,32.05241093648004,22.428728134879947
65,9.726716887833042,0.3263336055261732,3.542564572550935,8.299203857305756,8.58020921308222,0.21175341375944073,0.4940938852949081,0.8715355011275611,0.10612798180156043,32.1585389182816,22.431822030448558
66,9.770008698506915,0.3112823006117811,3.822531631488266,8.622919701557354,7.917919196674063,0.371670806808683,0.4742663173872067,0.9465793222002901,0.9616899527659066,33.19886792800047,23.428859229493554
67,9.899311764906926,0.3654921422117301,3.7715741269996155,8.15738619431337,8.383326609023875,0.11980836088053022,0.3986804077697537,0.6604264592782797,0.48117190985047753,32.23717797523456,22.337866210327633
68,10.013673368687037,0.37093889931214896,3.756057295066233,8.57777364529564,8.177310159161031,0.16079280189908118,0.5929657131376767,0.509027035722751,0.9333207602189739,33.091859678500576,23.07818630981354
69,10.062128184238052,0.3908336216893282,4.179470499921663,9.20685648111209,7.983789104664826,0.11732744895380912,0.36264254264555196,0.8958200447751472,0.6149695762800337,33.8138375042805,23.751709320042448
70,10.104293955378742,0.44111111451952567,3.9900434475759017,9.009475298623917,7.987746810932595,0.019418285294386682,0.41688665772809647,1.1228841084474108,0.7923173855081749,33.88417706400875,23.77988310863001
71,10.139504809464146,0.42531854572850847,4.340034967775511,10.359352017510354,8.17200411483265,0.5426056310531816,0.5213757851464901,0.5285452661173122,0.6984390329445962,35.72718017057275,25.587675361108605
72,10.166574178166341,0.40371507671484785,4.1833308898710015,10.13750808690536,8.10208758994872,0.14080793334998581,0.5740579243031592,0.7338853201991781,0.5867741381695583,35.02874113762815,24.86216695946181
73,10.183680217735533,0.5274169704956417,4.1678256183617926,9.753918630417209,8.246605342731886,0.09283065390368349,0.37844077665412057,0.5334588537088869,0.5577899354498432,34.44196699945859,24.258286781723058
74,10.19968760053915,0.6042402415957095,4.204988936832548,9.767614869314295,8.207843414969805,0.10348551848099755,0.33506165657294157,0.3909152659750547,0.43491228797486503,34.24874979225537,24.049062191716217
75,10.280474059858571,0.6269393007572859,4.400877173266309,9.79300266064905,7.9205580355771765,0.04190370326860637,0.49437482347704453,0.6906200354013236,0.21221242679914548,34.460962219054515,24.180488159195946
76,10.316291667212507,0.6330253966719557,4.512848372659359,10.49032220479856,8.299951276894397,0.3824036240839959,0.45403209349179646,0.33752744638269877,0.3933169506205986,35.81971903281587,25.50342736560336
77,10.493604982069304,0.6138240041765322,4.254745487359893,10.280586364440559,7.672038860136343,0.10631152879960723,0.5908070426639804,0.44904394940830084,0.9654398631407547,35.42640208219527,24.932797100125963
78,10.511567831004216,0.7021726840412263,4.244454799019035,10.897451268144625,8.372874207874528,1.0221852704271783,0.3843404096476697,0.796511797004116,2.37742674759626,39.30898501475885,28.79741718375464
79,10.52067188180956,0.8110488061588974,4.413007396383572,10.376356438303848,8.231257352077726,0.22411165481580675,0.5115408453238185,0.6391857956995224,1.3554964119150579,37.08267658248781,26.562004700678244
80,10.625734060568155,0.930098282216111,4.197772972317603,10.525458310717944,8.057546770531918,0.3056877299674461,0.5416994495136122,0.6357214569830815,0.15496524944564571,35.974684282261514,25.348950221693357
81,10.657749016427863,1.2037710563238484,4.142867304934706,10.64969097117934,7.80085986035418,0.29421377643319624,0.5476306931960736,0.6779016034123082,0.9568739849010793,36.93155826716259,26.27380925073473
82,10.759304416344346,1.396429432840561,4.602536647035874,11.501371497071393,9.915066185343637,0.08796135109490401,0.37130629805656373,0.6564424615616065,0.13850468173813052,39.42892297108702,28.669618554742673
83,10.830690171854098,1.4052356136185224,4.358004387992812,11.198561873464701,8.363766940044165,0.007062321117492881,0.37427005385970624,0.5450852205363074,2.207741706861081,39.290418289348885,28.459728117494787
84,10.843466708832404,1.3995213977577095,4.735999219811026,12.719910721654944,8.47376862467203,0.2385508189711099,0.5867166700522215,0.8105555193818212,0.2916040710300256,40.10009375216329,29.256627043330887
85,11.000439911137974,1.2432552891418371,4.568939052747703,11.407862759467292,9.923654126978029,0.05208674111181133,0.286100305681446,0.8266468284927603,0.11662183403285231,39.42560684879171,28.425166937653735
86,11.062866998610296,1.232914942781326,4.667141475169057,12.066285556855984,9.199145860183588,0.012339131881953324,0.3338039987066322,0.8544250068981826,0.3727669117713538,39.80168988285837,28.738822884248073
87,11.17174184571184,1.1363792275617364,4.798750331079429,11.872256494590111,9.330026648133554,0.04394989546776963,0.36225309336994055,0.710249312877329,0.10579524825972578,39.53140209705143,28.359660251339594
88,11.185040041454107,1.1670309272872377,4.787196173383668,12.538874804356624,9.007236559972018,0.16979940502425125,0.24763884915226608,0.42858533642125946,1.105718007318189,40.63712010436962,29.452080062915513
89,11.220406317622235,1.261132607938988,5.117857123546532,13.253169259321211,8.465618594431348,0.15280613032602244,0.5120118466834898,0.24704047405129653,0.9134390371266532,41.14348139104777,29.923075073425537
90,11.226841031395352,1.2950293423702437,4.950588987383023,12.588168562905032,8.582710466724812,0.040615032042094705,0.5819935513735908,0.8341467779691425,0.1299486017578293,40.23004235392112,29.00320132252577
91,11.243773402803784,1.3187120030039061,4.941737264460787,12.477574931469654,9.118453375389034,0.052482726033053255,0.19549678313224467,0.4534593965659034,0.006799798274898988,39.80848968113327,28.564716278329485
92,11.275133938322274,1.3398341935184703,5.086293221299213,13.1299564423895,8.530567319718521,0.10299346228451431,0.40050979864726544,1.0653103954046774,1.1456806097951262,42.076279381379564,30.80114544305729
93,11.322960690465322,1.3113843654219224,5.218665656573505,13.327259026487866,8.447779270385723,0.3517539016109883,0.2324001189301698,0.42491707449412425,0.2934786672148145,40.930598771584435,29.607638081119113
94,11.333600772588506,1.3843608215367524,5.225261302330418,13.65130098258313,8.560790027989285,0.15184504810862656,0.4429719068364648,0.3933505290745887,0.3377022595241899,41.481183650571964,30.14758287798346
95,11.37718951038302,1.4926171318508636,5.264434433919622,13.64642484060387,8.917599529127386,0.1299729499637591,0.672052496337351,0.9171935934789534,0.7147438424690404,43.13222832813387,31.75503881775085
96,11.535341117116747,1.4507578403814865,5.285729769592777,13.531541286517466,8.621568745760818,0.2662111243097568,0.33045031394767815,0.4595834529452333,0.9363008350928679,42.41748448566483,30.882143368548082
97,11.594237266540613,1.4055423256570307,5.392832294998627,13.576643061282311,8.593682094291289,0.04455284580563703,0.8458071105269285,0.6229823822771291,1.0731797757524002,43.149459157131965,31.55522189059135
98,11.61865780687215,1.4256746311311304,5.562977971196439,13.984517795121238,8.866603329040423,0.2611797561487284,0.646876996067757,0.7657400425560055,0.8476048113540822,43.97983313948795,32.3611753326158
99,11.639761667072987,1.612548414735004,5.615653704274743,13.968479888536734,8.737926175912719,0.06830273637188092,0.5778508760969236,0.9289356941309733,0.00013578390531031952,43.14959494103727,31.509833273964283
100,11.6464681863969,1.6590440077551083,5.845697054367708,14.524260789418367,8.496595148636864,0.13176259500911788,0.4583923661462444,0.38737479330696045,0.07623622521439227,43.225831166251666,31.579362979854764
101,11.785682525266372,1.5349302929135007,6.161503560997184,14.360384969889093,8.39469652158251,0.25924783049802247,0.5512506128362346,0.9321368255050356,3.1098939813585593,47.08972712084651,35.30404459558014
102,11.862196605147853,1.5750781840132735,5.998130330576041,15.005480285214851,8.74292826878763,0.07871227881437372,1.0655389341390498,0.7514949571162373,1.6329037150767427,46.71246355888605,34.8502669537382
103,11.878889555138516,1.6370975128369842,5.977511030454998,14.200501114404425,8.097008060064411,0.02186906298570595,0.6956647053986175,0.7172901249680093,0.8905123401309366,44.116343506382606,32.23745395124409
104,12.250772954629358,1.2870831763318478,6.582503127440685,14.572433382589036,8.316486558845817,0.09067260841293098,0.3453578567833991,0.671033841349531,0.9632163374267038,45.07955984380931,32.82878688917995
105,12.336572853412436,1.2432877952654593,6.896137165585522,15.332954791845378,10.380303003394054,0.08039190933480211,0.44728705957807885,0.37279254243077653,0.7664038957626068,47.85613101660912,35.519558163196685
106,12.429540650422261,1.1989880889518751,6.659096568430973,14.970448591081372,10.007190477311418,0.004989514706204914,0.5367935339441021,0.9054161340378399,0.6478701927003796,47.36033375158643,34.93079310116417
107,12.452857137423932,1.1806611166564096,6.87670652591807,15.612794354909713,9.795038101470944,0.06943155269217716,0.5128223939743274,0.980682432624172,0.01504481987046743,47.496038435540214,35.04318129811628
108,12.508683987211835,1.1515685708008618,7.081274092084117,15.962528926338251,9.46169630089566,0.08788170635860226,0.8940182314051356,0.7084792015146562,0.5074110392148364,48.363542055823956,35.85485806861212
109,12.61224220159462,1.090707605177899,6.849692310390047,15.174572879475974,10.021733310954737,0.4510346660137327,0.5311744548001847,0.6291763231792364,0.12065986408331238,47.480993615669746,34.86875141407513
110,12.64953966601772,1.0985945983535803,7.215279888320277,16.416773785894975,9.120791218638338,0.5714370852849063,0.7576748184999299,0.5334509948142316,0.521319622696246,48.8848616785202,36.23532201250248
111,12.857521137906001,1.2964633348802508,6.897736408148191,15.61921830717732,9.652386757581098,0.04075784573047597,0.6269034067894553,0.505051237327419,0.7133493509368816,48.209387786477095,35.35186664857109
112,12.88455101055152,1.3101913079652068,7.610949227007238,16.81909779010679,8.867012662636036,0.20305552323468307,0.6485977321153691,0.5414064249033571,0.3356568339939655,49.22051851251417,36.33596750196265
113,13.147597900246659,1.1719734494095473,7.389619982198555,16.150435928680633,9.290407527577464,0.010190801599613625,0.5246166535784509,1.082007875267348,1.3738554161101824,50.140705534668456,36.9931076344218
114,13.35176919332365,0.9779929579321696,7.345423582695716,15.834904609200468,9.500087944105708,0.048240853909015426,0.2853204808980962,0.8656481644122704,0.5574623320811787,48.766850118558274,35.415080925234626
115,13.395758916620503,0.9822440885443324,7.806998178363365,16.621559640367927,9.173374351049198,0.058997603504626434,0.3771924097848646,0.8043933242793514,0.38402571281009973,49.60454422532427,36.20878530870377
116,13.465216906796186,0.9325809349552241,7.804035930856511,17.14741112049358,8.98303401841671,0.09069228386848976,0.5779118389141741,0.6036611910233914,0.44070936438496117,50.045253589709226,36.58003668291304
117,13.580966577660227,0.8560340310092336,8.026323897741928,17.212012925981423,9.039975038432495,0.1578666904063013,1.3693462350334427,0.3605677786861743,2.350204163052519,52.95329733800374,39.372330760343516
118,13.76455172816297,0.72393839745693,8.162171333780202,16.687237907560974,9.197804652880166,0.21977643599048421,0.4894683585134103,0.8003047753640928,0.052980611086908956,50.098234200796135,36.333682472633164
119,13.846243031736757,0.7486242673390056,8.047244928913434,17.15144907276198,8.895683842963578,0.015232572884821178,0.8127163332715583,0.5810401509249973,0.9947416757445728,51.092975876540706,37.24673284480395
120,13.879500613651876,0.7305992583087075,8.627891473622462,17.46258572511706,8.942649105223168,0.12191490832095067,0.6505803288998305,0.6772544633966503,0.00781661648531461,51.10079249302602,37.22129187937414
121,13.937454200604243,0.7708123610061417,8.55367977118492,16.971329049105066,8.667633226747569,0.20811480135027394,0.40605875357841836,0.6256233710918281,0.46238764028276724,50.603093174951226,36.66563897434698
122,13.963118767146279,0.7688960131352562,8.95467489691877,17.30456996682404,8.870503910910976,0.30384775465083,0.2680107378435578,0.66717044559631,1.4278765552689519,52.52866904829497,38.565550281148695
123,14.0554351511211,0.8609462118395577,8.95574783228152,17.665607632953236,9.916623796387931,0.003990692481816337,0.688561061437812,0.806384959500771,1.511854814808581,54.46515215281232,40.40971700169122
124,14.13362684568331,0.7867452097591645,9.544008786566376,18.229301041631377,9.322949647638723,0.39693949564940245,0.338844501616151,0.8239695216949388,0.7976699447044792,54.374054994943926,40.240428149260616
125,14.13919696660557,0.8966655683267941,8.849306417613539,18.011033294425847,9.781260142682456,0.12531763025792472,1.0151536643861365,0.3927923392899662,0.06953742601635744,53.2802634496046,39.14106648299902
126,14.14791219899878,1.0132679661915098,9.084050364909778,17.643120740773746,9.936160619954208,0.013317639594623901,0.24865786084910116,0.4421816570232302,0.6606820153570944,53.18935106365207,39.04143886465329
127,14.265099350525587,0.9093984542593265,9.285068899353043,17.73118809068251,10.046316846096644,0.04763932640583664,0.3541143071144595,0.5505257892146616,0.021374959936170383,53.210726023588236,38.94562667306265
128,14.295643673144443,0.9264934580463056,9.255022491866045,18.029043119294926,9.272426627850137,0.08752132610501408,0.5493101490986914,0.8648026041990364,0.29612160063484716,53.576385050239445,39.280741377095
129,14.319237909132358,0.9904205481634047,9.666028302494057,18.99286782731502,8.773052850664023,0.04995348740014605,0.9821582443514584,1.0213820059294498,0.5121790008390394,55.30728017628896,40.9880422671566
130,14.509269320382904,0.8080422307089723,9.999442742750492,18.950298170155435,9.076320709447394,0.1702072474125993,0.34524971845249786,0.6063220135020282,4.957196957167544,59.42234910997987,44.913079789596964
131,14.5196457315212,0.8399662131747085,9.700573454196979,18.520875280499492,9.45970052419571,0.05380569936761079,0.3729704429944667,0.9928294971019879,0.3347343323977648,54.79510117544992,40.27545544392872
132,14.543814490076356,0.869603153987164,9.757765030474538,18.739529202087162,9.591545565081027,0.028982164736347113,0.3137413612391552,0.5290740272621789,0.08631184810822809,54.46036684305216,39.9165523529758
133,14.547811097668719,0.8945887111311475,10.285760649201801,19.684781713387622,8.611551011821412,0.10405080170579573,0.5050553516908138,0.8451917290407016,1.967147903061806,57.44593896870982,42.8981278710411
134,14.69805052649523,0.7894682720092447,10.008032868837025,19.251804944465782,9.118037700296071,0.018354533172060424,0.6231202983855879,0.8004110326279658,0.17151088935905065,55.47879106564801,40.78074053915278
135,14.70326541221539,0.8026079194611437,10.563801446329208,19.670483469259413,10.55895400510449,0.2675918333925342,0.18149239533520312,0.697742487612438,1.90578453556918,59.351723504279,44.648458092063606
136,14.783743741318714,0.7627068691869479,10.32802053908082,20.252860783677242,11.864949460561512,0.1333273419549447,0.6263256883866617,0.976123285791205,0.09033022127490656,59.81838793123295,45.03464418991423
137,14.826513994568135,0.8532639578924712,10.392775209292585,20.333497628430155,11.900028128933904,0.06447333714595502,0.3967159264972965,0.584455321518496,2.16280777683534,61.514531281114344,46.68801728654621
138,14.964256938628626,0.779994350977935,10.536351210040804,20.671971480702897,11.643818658522449,0.25313992574907823,0.24598146924575676,0.3268350761123265,0.30570859997817196,59.728057709958044,44.763800771329414
139,15.012777315484236,0.7606878495848335,10.606947903853444,21.22536503075208,11.486294356798766,0.13834593781096652,0.7532727374366565,0.4910211109890549,0.4391850830367461,60.91389732574678,45.901120010262545
140,15.094343926774066,0.8174671761059695,10.571011741236596,20.606944485380662,11.320991156310733,0.15130133581145683,0.6220395840877826,0.6342885255256825,0.35610688269983515,60.17449481393278,45.080150887158716
141,15.111399239051549,0.8859919763040907,10.694767290227414,20.65624480951738,11.376273575110261,0.08756538905914397,0.34256174729784233,1.0196907873650973,0.300217428777249,60.474712242710034,45.36331300365848
142,15.161609767302812,0.9015026713886787,10.823771962043008,21.38144970308518,11.566222983196845,0.23540124120554407,0.2944858937972958,0.549453103727416,0.47284546202281036,61.38674278776959,46.22513302046678
143,15.239886193953083,0.8450704104617017,10.83188013938609,21.47600972682848,11.358731708203642,0.3393270202149965,0.25624439506691976,1.03959319365468,0.2566255484544147,61.64336833622401,46.403482142270924
144,15.296136795101123,1.0023768847959111,10.817195169726006,21.622151746842846,11.381852082851331,0.15632289454709392,0.4534908515369542,0.7850048557130751,0.7509202985832311,62.265451579697576,46.96931478459645
145,15.318615491472205,1.1056681331575753,10.991373068462412,22.13927453063384,10.91556516847573,0.3098659026149002,0.2678820719220804,1.1377378446090498,2.795000013890365,64.98098222523815,49.66236673376595
146,15.36261592917371,1.0922206452704195,10.939062184559152,22.743053707575513,10.777359066034194,0.02287277673405918,0.8431437526774272,0.485123517673104,0.5498186673720544,62.81527024706963,47.45265431789592
147,15.368520437380553,1.1091889137976345,10.854860986901436,22.087655366557506,10.640399340233728,0.17983782100316514,0.42794755392565487,0.9749579164243298,0.5426138751237868,62.18598221134779,46.81746177396724
148,15.384427598673573,1.2731195735077794,11.116456228726904,22.931204950826718,10.788021946713052,0.16635231210018553,0.3988563790368986,0.7568312574845173,0.8606613781085144,63.675931625178144,48.29150402650457
149,15.43940446329941,1.2947450639452693,11.103475867878558,22.953419734811046,11.487307711289425,0.1557792725059333,0.5412681112231642,0.700531400225336,0.7151738100929165,64.39110543527106,48.95170097197165
150,15.488055897068776,1.3358435872127643,11.336106918749092,23.277496223896264,11.976044180609087,0.09990888538413567,0.4898367880455447,0.9776897442724858,0.5002956198433679,65.48127784508152,49.993221948012746
151,15.577264882273937,1.3126639174766765,11.697352266854015,24.468394445889807,12.349110145999987,0.2669850610260673,0.5092718944463915,0.6731889788168524,1.0053373678473922,67.85956896063112,52.282304078357186
152,15.593856012791578,1.329952356874097,11.38825830185446,23.997525710564865,11.649345377114628,0.027145420525207978,0.5701139225200873,0.9250807428365999,1.5607451385099154,67.04202298359144,51.44816697079986
153,15.76896656881438,1.1819872213765041,11.497368118426678,23.334357786258025,11.484253710140763,0.08635087023477298,0.3195933487783569,0.7182278112415732,0.9691253129468267,65.36023074821789,49.59126417940351
154,15.820383626845205,1.2169210335804532,11.62306395506791,24.287225086355413,11.710557722461232,0.08938346096674345,0.49439730504232116,0.9015062306039678,0.7107931718604816,66.85423159278373,51.03384796593853
155,16.01662937592321,1.1100587454691926,11.689742584165021,23.80603002032776,11.828856280359844,0.09289530900800778,0.28958200973587495,0.5264364232289804,0.783207672705357,66.14343842092325,50.12680904500004
156,16.029474720386652,1.1274391403900275,11.974790655943316,24.71515618262575,12.181836595906582,0.1124448647826359,0.5458158826553642,0.3550649409011079,0.5397421632438221,67.58176514683525,51.5522904264486
157,16.057791907419556,1.1617915229808524,11.936171640713951,25.050479182614644,12.444994238052274,0.043152953186943795,0.18349349154606728,0.703890210320962,0.35610661671406896,67.93787176354932,51.88007985612977
158,16.06013480374193,1.202601579845421,11.947061880042664,25.467810902033758,11.858353514307979,0.153739758447072,0.8089387908104674,0.5904648585472206,0.9075520134997319,68.99665810127624,52.93652329753431
159,16.09246064099986,1.176898084559454,12.209746247846155,25.008031541640168,12.259665337041803,0.3108602907525253,0.3387741029848152,0.5414355177245429,0.15123432422718266,68.08910608777651,51.996645446776654
160,16.17436756365219,1.2421085783822328,11.879628069180281,25.009145853464346,12.219281245709809,0.08629730463266537,0.4686390183731375,0.7801013272364596,0.12903093006073976,67.98859989069186,51.81423232703967
161,16.18090886262689,1.321864584040199,13.032932693311466,26.532677509167574,12.441518587262422,0.157456470032885,0.4565328762655206,0.6670127095871047,0.05430415649959406,70.84520844879366,54.66429958616676
162,16.230200211072802,1.3500188052390385,12.270031762762805,25.38722620682552,11.79570937657413,0.0007897551458624459,0.4399396854614933,0.5146840876102063,1.3621210158475858,69.35072090653945,53.12052069546665
163,16.24158733987287,1.3394214315848352,12.535349534203167,25.49972790410629,12.10023308781647,0.01238106148194016,0.5644232428686267,0.8582931878039076,0.08256949057824452,69.23398628031636,52.99239894044349
164,16.248501815490204,1.3448880174494384,12.534745179550193,25.45283338491231,12.071622078940926,0.044341800397722446,0.605442375668671,0.6942834488667751,0.15475868846187166,69.15141678973811,52.902914974247906
165,16.261803056429216,1.375928576908148,12.635568347771777,26.137129464427098,11.551613284871827,0.01768023857286003,0.49692633822621496,0.757336973109218,0.5093987479054823,69.74338502822184,53.48158197179262
166,16.278324835604153,1.3770870363060723,13.071534310116,26.54141918610903,11.556219822897653,0.05097300652999929,0.45767289824288415,0.4101539324160448,1.0475192640722182,70.79090429229406,54.512579456689906
167,16.435328279698172,1.2249016370017998,13.073928511996343,25.9328193419285,11.57370963363131,0.05374812921189894,0.33045780208492054,0.7258275709865064,2.9690928366319023,,
168,16.470290063175977,1.2360948152642486,13.425685876573016,27.079630624120846,,0.017624731263716654,0.6799888996176877,0.7103849841982645,,,
169,16.758288674553057,0.9556893713588153,13.401900527441022,26.631047336530138,11.935893438778166,0.0024857866402429626,0.43775350880090813,0.7221498046913027,2.510333228357399,,
170,16.76623953966481,0.9502242928873059,13.730996827780391,27.075505172271896,,0.10865720846153958,0.61589991254485,0.8107166213258448,,,
171,16.889864377354154,0.8341452323497869,13.47003393512346,26.789955828073815,,0.04154854197170882,0.32383779015871356,0.8981372485791548,,,
172,16.96317409736559,0.8023840543100569,13.71304772352698,27.415168962448526,,0.08082400175519411,0.645101154807403,0.683017803205279,,,
173,17.008299398214234,0.8168216427994217,14.303012594870605,27.661931423601956,,0.04388414545463505,0.22429036999578608,1.1001961221860739,,,
174,17.063517698260625,0.7828644551702162,13.98084589515468,28.30121212289871,,0.002456337309122263,0.835583337852923,0.7202896783212539,,,
175,17.36471338749091,0.4841251032490561,14.314425921905634,28.903766290072582,,0.233043738689081,0.8242456309076338,0.16192606285284616,,,
176,17.46904076563948,0.3999644208288089,14.272103062550197,27.803573074917843,,0.06342278274674225,0.2946136907359615,0.663762049227246,,,
177,17.486246556776297,0.4461814124387331,14.368673890556366,28.1473673397469,,0.19804286272979435,0.5119236348746169,0.9658843751921828,,,
178,17.488435656246978,0.5934465731820673,14.803146708992823,28.871469494022143,,0.17830808302652865,0.3087055592323586,0.9200817643120555,,,
179,17.499191538357387,0.6312792935874398,14.5280776799124,28.623432503519133,,0.006719211890343547,0.3980692977008259,0.5567425497353709,,,
180,17.66506764600418,0.4721223978309901,14.840506154097831,29.333390566460977,,0.03337215944281173,0.8191349151781647,0.6974599863111212,,,
181,17.74760576775966,0.42295643551832285,14.94133193796609,28.689697128808795,,0.10865964099824095,0.3759952241166367,0.44907778659272723,,,
182,17.776420384195877,0.4837699282596972,15.08003963519505,28.93816541560021,,0.03181263303013324,0.4251159254795025,0.6820273717248269,,,
183,18.0224015615418,0.2568202827344237,15.297387424787367,29.332175162945667,,0.01993973729535864,0.4886271241806844,0.7998320642579065,,,
184,18.053989095829277,0.23801384965642924,15.436321127014399,29.71645283225473,,0.06883443366015222,0.7035720193282209,0.5375816881952169,,,
185,18.061688293080213,0.23747328849136906,15.809670862940944,30.580777871845726,,0.33039266212192736,0.5417167203197552,0.34313337786211595,,,
186,18.086679649884115,0.274157729261745,15.396044241343851,29.65652344482625,,0.07332165206427012,0.3743271079458527,0.29841127395707456,,,
187,18.153425448855273,0.28073358235485557,15.547786170475707,29.7202399926487,,0.10323092885379281,0.35404897609482205,0.9334472133893381,,,
188,18.26177005124971,0.27561990881421394,15.609023583185088,30.30350743790226,,0.05811683725082253,0.5848744942704006,0.9505671189815779,,,
189,18.322488466140367,0.27301833117437724,15.840248869008455,30.019048263781706,,0.0649748591652782,0.23498625666824297,0.806954652861511,,,
190,18.412502403971438,0.2170518397220711,16.040953325182826,30.813319790968343,,0.06520921328038524,0.49444285852901226,0.6197696193373031,,,
191,18.439925696750826,0.22055595972919662,15.740641367856384,31.756151219234546,,0.9439339219010477,0.3732886884019705,0.8941485252339592,,,
192,18.49186895353245,0.20289450344144555,15.651440261390295,30.72952502976073,,0.4432011564060438,0.38592317213108684,0.7339181826704493,,,
193,18.52876666811522,0.609197945264718,15.792535230989326,31.293714313095045,,0.05044198258494076,0.3641151192832473,0.8357255945414727,,,
194,18.56030670953427,0.6280998864306113,15.614523036134194,31.21751016707549,,0.372398414802243,0.2704108370145726,0.6650642774546712,,,
195,18.607123693003192,0.9536813177639338,15.646926963066193,31.751372317939904,,0.022427666852417122,0.3467813698204228,0.7611107114008233,,,
196,18.68874396625894,0.8944887113606015,15.851715803558946,32.28838201898801,,0.14199252932766573,0.5033223496137686,0.7888082044782471,,,
197,18.845279482106214,0.7591360962748581,15.827799231726758,32.30938746975636,,0.013524073808063027,0.33429768617462025,0.8074608303701787,,,
198,18.89078324717566,0.7271564050134778,15.97175638689357,32.744142358570755,,0.19034053100781095,0.6332746549249018,0.599804323998546,,,
199,18.89356725639972,0.8316579505474877,15.981628646885184,32.644021537484335,,0.011491780807033287,0.5345176980932906,0.7232182342892339,,,
200,18.91181623860719,0.8249007491470515,16.315217623562393,33.06488151295467,,0.5383808115495194,0.7644337495877915,0.5092019012663928,,,
201,18.945319546730488,0.8629606364664575,16.101016936375345,33.02978768164013,,0.17096624054763324,0.5100520627462329,0.799527580902341,,,
202,18.963929003372012,1.0153174203725648,16.046318372220387,33.1397197607918,,0.2272985367677514,0.36467481406020247,0.5771176073047115,,,
203,18.998054296597378,1.2084906639149509,16.18670735931786,33.26655864478407,,0.020058905185231696,0.6545056450899385,0.9328057328571336,,,
204,19.018356472197812,1.2082473934997466,16.936861088683223,33.98960381267115,,0.19128421807316914,0.47806904777614506,0.5789661866698417,,,
205,19.029843048621267,1.245254750682495,16.33812277821321,33.87653756030562,,0.004317569275944661,0.7623044420348105,0.980314459640341,,,
206,19.083066062250996,1.1963493063287096,16.781422358658876,33.564006369437784,,0.006979142866780764,0.2970093471318712,0.32754756245833605,,,
207,19.116057638728545,1.1703368727179395,16.92457706993283,33.48619119600459,,0.15385463585791376,0.41616383450474564,0.5552407851546833,,,
208,19.128117508812302,1.2897705749584247,16.90900214270574,,,0.05295236235125867,0.5380695702258677,,,,
209,19.35280458971639,1.087444557588011,17.25387376261102,,,0.08686714182655443,0.5029719635577811,,,,
210,19.376866905230447,1.0939735408915396,17.51736942788369,,,0.29575214129407923,0.6361500738017647,,,,
211,19.400426406534113,1.1266898825968426,17.248047457362677,,,0.05765447373646297,0.52123280583587,,,,
212,19.44624566529006,1.1385250975773573,17.273642735440156,,,0.05949866074601757,0.5233756604740268,,,,
213,19.46164792316956,1.1826215004438758,17.28674892426539,,,0.5102694716487887,0.2840178987041232,,,,
214,19.464333666966954,1.3022589204491126,17.305691754072825,,,0.2817666845770762,0.2958201827081864,,,,
215,19.55311186670042,1.495247405292723,17.770826640084383,,,0.5538296354289917,0.4660331050075788,,,,
216,19.562086657371673,1.592452237890555,17.462037324091174,,,0.03329498942074793,0.8990876837091543,,,,
217,19.563152082431607,1.62468180225137,17.430737727618148,,,0.10673410593061311,0.5887491832111861,,,,
218,19.581564428138616,1.7130035624749738,17.598943629769327,,,0.02660046871860538,0.45290345840499424,,,,
219,19.61365139866005,1.7075170606721457,17.728594737768,,,0.26429170434272786,0.33641647452030393,,,,
220,19.92612067772844,1.6593394859464823,18.605950740977992,,,0.5120088485676851,0.7880612667783611,,,,
221,20.043240111759363,1.5589487956627721,17.717657646938026,,,0.2291123381231453,0.36291856876042733,,,,
222,20.04988302556711,1.7814182199781712,17.80952434240365,,,0.00964578801429893,0.6316850893500313,,,,
223,20.439554053854316,1.401392979705264,17.975812263345023,,,0.022289355609490923,0.42443325114285624,,,,
224,20.442025369448036,1.421211019721035,18.01378661430239,,,0.034854457772271856,0.6676510408121911,,,,
225,20.524751439852995,1.3733394070883485,18.25357423035235,,,0.11181682636325796,0.7171291290812023,,,,
226,20.55774105482965,1.4521666184749549,18.240220759620787,,,0.032028032387866875,0.42126328790734224,,,,
227,20.561814021535557,1.480121684156913,18.49938469129386,,,0.03820810506959295,0.23406225811340353,,,,
228,20.63079095219981,1.4493528585622535,18.669105448603247,,,0.06434150080401632,0.39937209623532804,,,,
229,20.65989274886481,1.4375762633777995,18.835223268203077,,,0.04791875229246843,0.5628048694899472,,,,
230,20.677302622764067,1.467182688802012,19.04898274862689,,,0.01949479621168077,0.5100341341498684,,,,
231,20.74710485123861,1.398282913296466,19.176753137252167,,,0.16934011821171993,0.4209265000144138,,,,
232,20.77787927202897,1.3861008357487918,19.123562089106358,,,0.2558737053439797,0.5245583030757676,,,,
233,20.863516882357523,1.451211000389275,19.29225279459743,,,0.11601631321029017,0.470833065166743,,,,
234,20.953528608499305,1.4663252046224358,19.607752300444794,,,0.16622394215473063,0.35771089943939866,,,,
235,21.192362858882163,1.2383813370749266,19.473575480634064,,,0.008087843422228772,0.3195523024342659,,,,
236,21.20856390937993,1.2302681299993878,19.549155567212733,,,0.07998659871181353,0.6237374302546356,,,,
237,21.26197489212345,1.2568437459676787,19.63478046076491,,,0.07836072359160816,0.7632130978326557,,,,
238,21.403075057116432,1.1830026981600383,20.170784455046,,,0.09735476617867769,0.2600125293841691,,,,
239,21.47073327373525,1.126446087947489,19.9209920308631,,,0.03336956261482095,0.302676021340489,,,,
240,21.579277529790666,1.0512713945068946,20.047104975234603,,,0.01405773602633289,0.5373972541780686,,,,
241,21.724261387636297,0.920345272687598,20.222521907355173,,,0.12804435260123798,0.42320080778436403,,,,
242,21.771173308831905,0.912259212623244,20.32820338470275,,,0.10259359972741988,0.44292176802703387,,,,
243,21.88408217884372,0.8885688340814113,20.255088696972066,,,0.39063401816746735,0.485534312929925,,,,
244,21.927497403395552,0.8585287177870171,20.129060013321837,,,0.3140227552321584,0.7499572150036207,,,,
245,21.951866149472377,1.148182726942352,20.615856497408146,,,0.26316073091730957,0.46367858892006786,,,,
246,22.838041391531146,0.3252436395614531,20.227904716790515,,,0.16596152602923983,0.545301124151443,,,,
247,22.956347365208554,0.3728991919132838,20.572936240119137,,,0.0017252437536179463,0.4506930642436003,,,,
248,23.367276314158914,0.0,20.6802092033955,,,0.05496688050938141,0.300726274893969,,,,
249,23.621993219489912,0.0,20.72304577301791,,,0.009562112730374245,0.37059514379587977,,,,
250,23.719261551043157,0.0,20.552663632187116,,,0.13125348972749298,0.8700598708527404,,,,
251,23.728458283249036,0.0,20.748657312926046,,,0.24808065285899547,0.3331053197651897,,,,
252,23.921798258221536,0.0,20.511063935752365,,,0.009882499686353064,0.40214918690343815,,,,
253,24.439607585774148,0.0,20.352135431797787,,,0.05315086299175395,0.48772678182588436,,,,
254,24.715160640760892,0.0,20.375829783076007,,,0.18224811997360627,0.7248738906247092,,,,
255,24.751591370789352,0.0,20.22951894491561,,,0.07719125309430241,0.6733361472051591,,,,
256,24.95577817527031,0.0,20.059160167315127,,,0.31768231980413464,0.2912453214036502,,,,
257,25.74754276015183,0.0,19.778545216651136,,,0.09777800699025582,0.31237891758050224,,,,
258,26.458583463812804,0.0,19.103951746671992,,,0.4355772239504182,0.7130462923408399,,,,
259,26.607541671841574,0.0,19.054026713120297,,,0.07006933104255696,0.5550626975097399,,,,
260,26.66249469374684,0.015116309137290784,19.2568456358945,,,0.0017882625950938166,0.9089414732606388,,,,
261,27.163899055014,0.0,19.01887175746772,,,0.10392960103244696,0.4066907684090254,,,,
262,27.31085374599504,0.0,19.055946203074512,,,0.344358777706502,0.9209572317022798,,,,
263,27.414777553691163,0.0,19.221975960601032,,,0.05663766763100099,0.5932650885440022,,,,
264,28.087206732369946,0.0,18.70269625817418,,,0.05528338409024187,0.35723108128331843,,,,
265,28.306059785233668,0.0,18.81436323523482,,,0.08199443544919566,0.35088803349845277,,,,
266,29.489682101000973,0.0,17.716302336076712,,,0.08067183338951123,0.40143326056533823,,,,
267,29.955162806284754,0.0,17.28980815156109,,,0.30833453157028995,0.6216536898698116,,,,
268,30.78174178365249,0.0,16.798558447187663,,,0.05181572763818589,0.4670576402986391,,,,
269,30.926341995695324,0.0,16.912850911652825,,,0.25998069142882874,0.544982988025149,,,,
270,31.05520468208794,0.0,16.51431937064437,,,0.11856547830023029,0.5069532258927522,,,,
271,31.225746137573736,0.0,16.836314534759328,,,0.1329820845922233,0.4535926243222634,,,,
272,31.29232360048976,0.0,16.847917696921247,,,0.03471788187493785,0.8225726638089852,,,,
273,31.29832094891647,0.028720533448225893,17.13447848413158,,,0.18263662030585057,0.6254595605108623,,,,
274,31.774791611558193,0.0,16.824937353288284,,,0.04890641640107383,0.8144775225170183,,,,
275,32.008670671771604,0.0,17.197765828206293,,,0.06317964733509138,0.8340980817471714,,,,
276,32.035240460489625,0.0,16.946558164864342,,,0.015733217740957414,0.46275458519503226,,,,
277,32.08512644575305,0.0,17.341253155145886,,,0.033906827391023645,0.42722438544717234,,,,
278,32.21196014010993,0.0,17.81243106857331,,,0.3511993073795759,0.19362269258993187,,,,
279,32.230558794742784,0.0,17.177867644763715,,,0.054686464258066336,0.9124776122982435,,,,
280,32.25074866470972,0.034496594291134386,17.41980912342965,,,0.18245643130662703,0.9434873703016929,,,,
281,32.29337339715074,0.1743282931567407,17.614579791775462,,,0.021432746977215932,1.5825112057060675,,,,
282,32.319285569171576,0.16984886811312094,17.88782535750517,,,0.19225341386287986,0.49481014227081,,,,
283,32.32954277024493,0.23361667724457647,18.13425482145948,,,0.13358391508984646,0.5572680854190813,,,,
284,32.32991598385179,0.3514718672957855,18.658233219814157,,,0.048645198496171674,0.4611623390027412,,,,
285,32.39787058701851,0.298872775560838,18.354078417065317,,,0.01320157127888934,0.35204951722584893,,,,
286,32.400809056645244,0.30913587721299507,18.585215274636404,,,0.12091265965476103,0.35860467318683475,,,,
287,32.48387206025726,0.2461609893864889,18.818745825102646,,,0.1374465600198309,0.3080594287019906,,,,
288,32.484212494527895,0.34664509898510687,18.85745143431049,,,0.16111958063715814,0.4882547464243142,,,,
289,32.50741233645275,0.36006727321083076,18.800341530564886,,,0.10685640110776808,0.6862479551114659,,,,
290,32.557446127341514,0.4168898834298389,19.14968779513736,,,0.4640729333365321,0.3864718962676027,,,,
291,32.613291131788586,0.3786860423615721,18.88960016863797,,,0.11270752068008813,0.5938118757770264,,,,
292,32.7454344104667,0.3592502843635472,19.051494677041255,,,0.18150398301346596,0.29622919089751215,,,,
293,32.80581262118459,0.480376056659118,19.164476508971966,,,0.010260309632029755,0.48124263694504316,,,,
294,32.89515229357065,0.4012966939050884,19.46578382767578,,,0.17993531824122924,0.634784024335268,,,,
295,32.98642931683169,0.4519796272761951,19.176423507918507,,,0.019080093756086738,0.5354130259740099,,,,
296,32.991214170621326,0.466274867242646,19.490240625093143,,,0.026838972555728077,0.35128467361321525,,,,
297,33.02726333659965,0.4491209691173168,20.186487414522894,,,0.4586928682329157,0.5509995242706868,,,,
298,33.07321016504344,0.4111178453762605,19.573960056720658,,,0.11103750461613038,0.8206331299634309,,,,
299,33.103963400336035,0.49140211469979533,19.68287365769769,,,0.047614136392536935,0.36229355322849,,,,
300,33.12543868659459,0.5175409648337777,19.84287263954878,,,0.0910998667508688,0.571585283392341,,,,
301,33.156202236364635,0.577877281814601,19.915173134613767,,,0.03889420956154418,0.43341772611823004,,,,
302,33.16920196450743,0.6037717632333539,20.192592192355946,,,0.024392781623193114,0.4086573634195515,,,,
303,33.19784260805208,0.5995239013118976,20.14872526026315,,,0.20244567149323286,1.103789924942662,,,,
304,33.38452895380693,0.5505482201429572,21.037451936461046,,,0.46212624349766196,0.5453824197666246,,,,
305,33.50167406105068,0.49813811980652645,20.388091335689424,,,0.010712548592842543,0.5655188119632014,,,,
306,33.57866101987934,0.4318637095707061,20.568189696132713,,,0.09384968716070256,0.5965398643682963,,,,
307,33.64448598136854,0.45988843524221323,20.858560295921343,,,0.0012001645705793733,0.47052047680591985,,,,
308,33.67218068121316,0.43339389996816635,21.11315535809583,,,0.03359742678585543,0.5802182464572432,,,,
309,33.69051556059099,0.4486564473761945,20.983717804354036,,,0.14621416479054453,1.041553704082915,,,,
310,33.694859297359834,0.5905268753978916,21.380073554107028,,,0.3145780468104705,0.43751297131549743,,,,
311,33.746176817216025,0.6510266002315248,21.24048147262544,,,0.1948607224472657,0.5800678100713228,,,,
312,33.759196041988886,0.83286809790593,21.678063822648497,,,0.040529718651361596,0.29133437056776224,,,,
313,33.86909995636797,0.7308642632002247,21.767282438497084,,,0.04536676452629997,0.6326388892789426,,,,
314,34.05507971099761,0.5775141475485697,21.72820446804434,,,0.056752418400200635,0.3199392847627562,,,,
315,34.12961332527735,0.5157176588171453,22.349223727922784,,,0.24202955777792776,0.28211319428818316,,,,
316,34.14410433813685,0.5452419388095322,21.855224236254777,,,0.05742153856127715,0.6345922180327649,,,,
317,34.17993357329899,0.566834242208671,21.963785918041438,,,0.026936296204375144,0.8189184353938473,,,,
318,34.23917769424648,0.5345264174655568,22.17742880233473,,,0.09411939782375392,0.38703859533373935,,,,
319,34.260285452110864,0.6075380574249252,22.732678701895317,,,0.17904297884185025,0.2681481324834484,,,,
320,34.33354087832162,0.5538196635507973,22.5387555247828,,,0.0061748405490458695,0.627423269781556,,,,
321,34.40916148220636,0.48437390021510396,22.61081541718741,,,0.014346664474518721,0.26084772618956936,,,,
322,34.53037944782546,0.3775025990705174,22.54046109421222,,,0.10806532403912625,0.26894888102914893,,,,
323,34.663592167157596,0.3523552037775062,22.888554215568874,,,0.15521259048184521,0.5360587063402611,,,,
324,34.7167664839835,0.33010000439414,22.775184660145634,,,0.0033061976531988412,0.42585494497500853,,,,
325,34.719871431635774,0.3303012543950601,22.987524000466287,,,0.009996636259282368,0.3228570414348402,,,,
326,34.780425084848716,0.279744237441399,23.18642415356306,,,0.3491794074729098,0.7898863134945916,,,,
327,34.81113341005894,0.3600265513580041,22.9873477866889,,,0.09270454304562613,0.5190105460517223,,,,
328,34.81799415294716,0.445870351515417,23.05422986152788,,,0.05245599820078683,1.0370152068324636,,,,
329,34.88803114483998,0.42828935782338107,23.745367777893193,,,0.3239709162641216,0.7020368858603445,,,,
330,34.90391874205437,0.5054299877086521,23.25618232988856,,,0.10469177755161621,0.8912349438518327,,,,
331,34.92150502944082,0.5925354778738168,23.667399233893846,,,0.2261258298152138,0.992421505423705,,,,
332,34.934821265605116,0.7054701533223664,23.58391807088161,,,1.1757775866383178,0.5009155056163812,,,,
333,34.95889515188024,0.781271185249615,23.54748456428205,,,0.37380687964312564,0.22858220311621663,,,,
334,34.97039457572224,1.1435786410507447,23.744785355664128,,,0.031281411734144976,0.7422968693304788,,,,
335,35.0355591353343,1.109695493172822,23.278936509641717,,,0.6635049445321791,0.4568639018289366,,,,
336,35.10257094031838,1.7061886327209237,23.558390221309395,,,0.17741019016126064,0.30122875477419536,,,,
337,35.17881297269625,1.6372560328695513,23.73703172661849,,,0.3964346429843495,0.7875001768896516,,,,
338,35.198913958805264,1.7872558043953006,23.641229290479046,,,0.004937799822125999,0.3171985216669129,,,,
339,35.244894974503175,1.746212588519512,23.716339130928617,,,0.1383420453328515,0.32410580934118954,,,,
340,35.259437616594965,1.8700119917605704,23.730682467347734,,,0.040770506360522867,0.2623461887878094,,,,
341,35.270720717116454,1.8994993975996053,23.674832656776218,,,0.32484177713306917,0.23539937139194725,,,,
342,35.30272228653828,1.909781362011877,23.79787085002983,,,0.15287427227161698,0.2714672958919424,,,,
343,35.3158500060105,2.0495279148112715,23.88202657686454,,,0.15788942233097938,0.5031742397977069,,,,
344,35.32474864757892,2.1703132442702042,23.93045764600963,,,0.4544309995851227,0.31094690997686236,,,,
345,35.364600377315824,2.158666965836929,23.792653932362526,,,0.11879479122826536,0.44523447070032546,,,,
346,35.462126040579044,2.1799360938019774,23.90293273145152,,,0.19204068622574877,0.4224488023399855,,,,
347,35.55257024931591,2.2815325712908603,23.956534506077915,,,0.1178308331303138,0.5596829746926917,,,,
348,35.743425490584244,2.206067400850003,23.989104728645678,,,0.5295535144277659,0.2457874874874199,,,,
349,35.96841009542473,1.9835235583123563,23.931914269622403,,,0.2756364310387938,0.6968241337396055,,,,
350,36.180225099327416,2.0473449854484613,23.721573542411527,,,0.24175382023333444,0.7981392946484004,,,,
351,36.207193125141266,2.2621307798679453,24.07689764793343,,,0.31008693519524383,0.39638428749797017,,,,
352,36.21778422672459,2.261262179137425,24.003238867335433,,,0.23165334879766497,0.41873110666532215,,,,
353,36.247684012229726,2.4630157424299526,24.178628306032785,,,0.0997086813766726,0.5281092616118283,,,,
354,36.4480989825249,2.331311857679559,24.292852385388265,,,0.06040650306770847,0.7194493158187014,,,,
355,36.621823435682046,2.1885850003543084,24.40159582441008,,,0.040688515189425296,0.7933254269122817,,,,
356,36.636191426755154,2.2036259165170122,24.86520123567513,,,0.34099962360084657,0.3916222069143768,,,,
357,36.70582529170045,2.145271659525328,24.66298299590813,,,0.0030660565470633566,0.7564872512068257,,,,
358,36.86226237501616,1.991900632756682,24.74289900154448,,,0.2550570351618136,0.5096754335431037,,,,
359,36.90891641227432,2.200303630660329,25.076604914986454,,,0.08780829696669429,0.7905990732115953,,,,
360,37.11530099031248,2.0655159765605333,25.149751149616968,,,0.03122636153225601,0.6507437220901746,,,,
361,37.17736605257802,2.019662287323321,25.204989467518686,,,0.03562260204248823,0.4518572483776293,,,,
362,37.25040776627613,1.961635562129132,25.463703232732712,,,0.21375109670217227,0.5408495030842062,,,,
363,37.26189056936704,1.970760372576791,25.528757187310134,,,0.30282419884543055,0.20939680047537576,,,,
364,37.273754527984245,2.1520398971231955,25.58208777698384,,,0.004655998021119057,0.2702311614103714,,,,
365,37.27380580713939,2.1566446159891726,25.707952280719184,,,0.1352264247270235,0.39728885711135853,,,,
366,37.412921274170465,2.1225538666187944,25.719749735764537,,,0.17512228437055574,0.3871738741099119,,,,
367,37.48769173629769,2.0779851115578936,25.690419425454223,,,0.026673088212956827,0.659573587200216,,,,
368,37.50304283064601,2.0893071054225345,25.951182767884383,,,0.12738528173320185,0.288233721365589,,,,
369,37.510501084126396,2.200096341033422,26.012868836573617,,,0.21887668698954751,0.5260874167228697,,,,
370,37.62042724884286,2.0993079689588896,26.096445145799017,,,0.0013406714334978146,0.3363131349543355,,,,
371,37.629631481951186,2.091444407284058,26.069019203235158,,,0.36373907751819584,0.3365206813359372,,,,
372,37.689748159824994,2.2397259523243704,26.013487671226187,,,0.016189923676166014,1.0175674060371447,,,,
373,37.70059680370606,2.2450672321194673,26.266692858939514,,,0.27799795655949494,0.3235305142060279,,,,
374,37.74119063257444,2.3436243341790046,26.330372981119474,,,0.05324241757294187,0.5524819546340173,,,,
375,37.76350773814207,2.374549646184313,26.458299409393447,,,0.21752857181073795,0.45862908423292675,,,,
376,37.806898507164284,2.4167634852207414,26.50985806605251,,,0.24319905465132788,0.538392812992002,,,,
377,37.81439181603488,2.5411941401022418,26.30981475931074,,,0.3555116046320114,0.886567149260716,,,,
378,37.832558553027155,2.634302494009198,26.49193261896341,,,0.31372078376372464,0.3404695241692321,,,,
379,37.85942155954445,2.851676001224682,27.155601810609618,,,0.3031733532038551,1.0832011709987461,,,,
380,37.88302896058855,2.897552870211534,26.71236550712638,,,0.02216458815440082,0.4183644177689232,,,,
381,37.908052835277154,2.8946935836773307,26.77671040119595,,,0.03352715378229674,0.5568887506498761,,,,
382,37.92056254768775,2.9157110250490277,27.01415217723011,,,0.05705371937369855,0.22681427266805299,,,,
383,38.08637090575906,2.806956386351416,27.03944035498894,,,0.0007086967503702795,0.5410322190490995,,,,
384,38.17173657128929,2.7222994175715627,27.19232448095041,,,0.04793327219737806,0.4903091142343525,,,,
385,38.31742558925732,2.6245436718009074,27.431661952416228,,,0.1008773494244379,0.20541159649311763,,,,
386,38.448310913814495,2.5659600001584906,27.852167971503334,,,0.07747462185492825,1.0981234749641506,,,,
387,38.46409944678653,2.5787471636961357,27.57598794515902,,,0.005768300601303531,0.4608426800418142,,,,
388,38.51818345934586,2.530431451738103,27.597943503318035,,,0.03336174499000959,0.26399334793923435,,,,
389,38.53959108819489,2.542385567879087,27.971753889338828,,,0.03171499087198938,0.6702359391411646,,,,
390,38.68735773437126,2.40438780145665,27.991929832882242,,,0.16939852687119686,0.43886696643480594,,,,
391,38.71922105462117,2.3944705923247938,28.43044853336096,,,0.14780068170922678,0.08371333538625093,,,,
392,38.72543356677703,2.535710495922082,28.166183710264505,,,0.32835370246234163,0.5723437565439651,,,,
393,38.91501886213291,2.3464734665222835,28.16668394543256,,,0.3474779233146509,0.49700808921230816,,,,
394,38.92817828795967,2.6613194772017863,28.405337300635082,,,0.04720191649886208,0.3226949309209598,,,,
395,39.0094500911462,2.5995201608236442,28.57948347181857,,,0.13957150818150585,1.195603828591378,,,,
396,39.168332110185496,2.468367571474822,28.61933724386357,,,0.01662536109083177,0.6918141765335901,,,,
397,39.29281524218965,2.360509800561502,29.120866068252738,,,0.19028535214441092,0.4141327481453559,,,,
398,39.369870072435326,2.3786716877160217,28.581269016320142,,,0.03492113674487339,0.5477240063242089,,,,
399,39.43924887444364,2.344214022452576,29.128581759509423,,,0.0004112631349233903,0.5222630731201053,,,,
400,39.52100591162246,2.2628682484086795,29.427691481702055,,,0.16704356956047026,0.5281927805402079,,,,
401,39.68879216082136,2.154818234074206,29.514163191501922,,,0.16585547416380253,0.31154443308159263,,,,
402,39.709864074043,2.241053655548612,29.43114999899349,,,0.052651264075560894,0.3818707615407778,,,,
403,39.80725042081286,2.1963185728543095,,,,0.09362080640532203,,,,,
404,39.87265820613741,2.13680766292196,29.791351651903405,,,0.01577223323867387,0.7613339826186147,,,,
405,39.8842722291552,2.1409658731428394,29.78113381420735,,,0.028801577137490854,0.4854847075555946,,,,
406,39.97293110943931,2.081108569996225,29.846725781874355,,,0.006036530523984087,0.4430824639450588,,,,
407,40.02880138676565,2.0312748231938684,,,,0.05149342040553741,,,,,
408,40.282242373657354,1.814947426415138,,,,0.007046303007488455,,,,,
409,40.331491880331384,1.7727442227485994,,,,0.2865801586340338,,,,,
410,40.349976359958355,1.7615932704066992,,,,0.16330895969741704,,,,,
411,40.51322055227133,1.7616580377911433,,,,0.017996109018490202,,,,,
412,40.517328584008396,1.775546115072565,,,,0.17869297923688612,,,,,
413,40.58687398615687,1.803942275557148,,,,0.026045082172368485,,,,,
414,40.59061564811589,1.8262456957704885,,,,0.08068526358968738,,,,,
415,40.661249391514104,1.8103182868037422,,,,0.0666150449764265,,,,,
416,40.73565545647148,1.7618911510045905,,,,0.27352140342040265,,,,,
417,40.74982860748061,1.7883541158136609,,,,0.3796073820597009,,,,,
418,40.85132825333605,1.9197397575604214,,,,0.07288986137919577,,,,,
419,40.89121015144028,1.952747720835383,,,,0.30536036745498496,,,,,
420,40.931469598617106,1.9863205067368668,,,,0.00774938036018743,,,,,
421,41.04879349033112,1.8767459953830397,,,,0.037790594230144296,,,,,
422,41.049360575977325,1.9139695039669817,,,,0.15463630942384302,,,,,
423,41.12100584260681,1.9969605467613363,,,,0.10318614407367245,,,,,
424,41.16831057332847,1.981007666402185,,,,0.12217219342218698,,,,,
425,41.18766172674168,2.0334908067001436,,,,0.03476167420099828,,,,,
426,41.20913596267702,2.0467782449658074,,,,0.14504209606619478,,,,,
427,41.277975968146116,1.9935144650067258,,,,0.09612126403998285,,,,,
428,41.386468924510275,1.9811427726825457,,,,0.0376055630110091,,,,,
429,41.43810136012829,1.962854943580723,,,,0.5004534380202046,,,,,
430,41.46970735589188,1.9355099043119495,,,,0.05179319558967388,,,,,
431,41.515084450759325,1.9419260050341762,,,,0.0070288567992072915,,,,,
432,41.54081276456669,1.9232265480260224,,,,0.1892700112013126,,,,,
433,41.63178126869327,2.0215280551007595,,,,0.2725304294219007,,,,,
434,41.70281341925484,2.19859632247438,,,,0.27378140941215934,,,,,
435,41.707655519106545,2.21818423410938,,,,0.020610566159921177,,,,,
436,41.716513651415106,2.229936667960743,,,,0.07350782881045576,,,,,
437,41.74272224697325,2.2772359012130536,,,,0.047947316976682725,,,,,
438,41.858341439195144,2.2095640259678433,,,,0.09045366650368004,,,,,
439,41.86211750054242,2.2962416311242464,,,,0.20700323099642365,,,,,
440,41.913548483090054,2.261642668051323,,,,0.05326852255895651,,,,,
441,42.092746167569636,2.135713506130699,,,,0.1866537947196236,,,,,
442,42.14953260371193,2.215829758951152,,,,0.1575103465904951,,,,,
443,42.167229848337236,2.2478836200827246,,,,0.17777853286207962,,,,,
444,42.17113221449055,2.3517404947630283,,,,0.12681830181771103,,,,,
445,42.17921046923549,2.413681532046546,,,,0.050515718054653026,,,,,
446,42.31034481397236,2.3330629053643364,,,,0.11095093224025644,,,,,
447,42.42456066893967,2.225130342131621,,,,0.0038395449271004466,,,,,
448,42.46993768491552,2.1835928710828725,,,,0.02355540029102432,,,,,
449,42.48904304141724,2.1880429148721774,,,,0.16641497399933083,,,,,
450,42.53518235828238,2.2191762932945736,,,,0.04326455434425752,,,,,
451,42.54078298242338,2.256840223497825,,,,0.004925963012986065,,,,,
452,42.56197545573426,2.240573713199929,,,,0.25232243546968286,,,,,
453,42.61074814311128,2.2327527871774677,,,,0.20176853269597617,,,,,
454,42.644045637243956,2.4012238257407716,,,,0.056237617010596326,,,,,
455,42.68837328100135,2.3664983234025243,,,,0.1204860307114494,,,,,
456,42.7179914854714,2.383515594523921,,,,0.26577895225235204,,,,,
457,42.729422946668564,2.445934688446755,,,,0.15646204336721978,,,,,
458,42.77453992377089,2.557279754711651,,,,0.0310493047268836,,,,,
459,42.80722890442719,2.5556400787822326,,,,0.12199198062502224,,,,,
460,42.80947335720857,2.5578126750391093,,,,0.020900781248186045,,,,,
461,42.81630144408954,2.571885369406324,,,,0.025228310193588278,,,,,
462,42.8926883555148,2.5207267681746544,,,,0.007829124669780276,,,,,
463,43.03314453883462,2.3880997095246173,,,,0.40408186066912616,,,,,
464,43.09777511166078,2.387085852173662,,,,0.06649504486142803,,,,,
465,43.175456799998294,2.375899208697575,,,,0.08066048547211523,,,,,
466,43.21406198203075,2.4179545121372357,,,,0.14267157738497296,,,,,
467,43.24246051252187,2.532227559031085,,,,0.37142016034347514,,,,,
468,43.25254889441347,2.572777214614888,,,,0.07049047484372854,,,,,
469,43.28540183203891,2.610414751833183,,,,0.006726331733428381,,,,,
470,43.335740892467996,2.5668020231375195,,,,0.34283207333390064,,,,,
471,43.39271236548275,2.7533958664136833,,,,0.22388612185176374,,,,,
472,43.46356332745906,2.7818116614803543,,,,0.09221286272625658,,,,,
473,43.46961714094011,2.867970710725565,,,,0.1224953887233799,,,,,
474,43.47414216462466,2.895852189123538,,,,0.044891951613660226,,,,,
475,43.48244987591441,2.932436429447442,,,,0.1538416726757469,,,,,
476,43.50241211491994,2.957671125469112,,,,0.13214143880550572,,,,,
477,43.56323631673682,3.0054916613007805,,,,0.08635160228353252,,,,,
478,43.66772403114334,2.9245006480512217,,,,0.09636459591925647,,,,,
479,43.726885894315465,2.9281936860056703,,,,0.11835770516423204,,,,,
480,43.769857126307954,2.9187321488058586,,,,0.48333571469844616,,,,,
481,43.77564132902767,2.9977959564576935,,,,0.2069255724116703,,,,,
482,43.80587325272344,3.174489605173598,,,,0.06026226316175254,,,,,
483,43.915398135675076,3.125226985383712,,,,0.34556575577536575,,,,,
484,43.92319993906992,3.248725050742344,,,,0.0007265390924971678,,,,,
485,43.975646622302904,3.1970049066018547,,,,0.04238928257898359,,,,,
486,44.32118684006266,2.8938539714210805,,,,0.021633538195533424,,,,,
487,44.5195765882338,2.7170977614454728,,,,0.09322123059762998,,,,,
488,44.70710368437327,2.6227918959036245,,,,0.29354499524159966,,,,,
489,44.80950922064643,2.5766816561877235,,,,0.11602935391048987,,,,,
490,44.95466063404268,2.5475595967019657,,,,0.35515429046142644,,,,,
491,45.30714277524229,2.316297800276203,,,,0.09373951129299783,,,,,
492,45.35305389148914,2.364126195322349,,,,0.1082741895399323,,,,,
493,45.38720977970977,2.4382444966416514,,,,0.009738575130322566,,,,,
494,45.48005730587501,2.3551355456067355,,,,0.06917089953070697,,,,,
495,45.52936666566866,2.3280078555374146,,,,0.09094732165020522,,,,,
496,45.537493886356536,2.3668698646559108,,,,0.05875011013119232,,,,,
497,45.569491167654505,2.378830675201776,,,,0.18247577755793112,,,,,
498,45.57909023564919,2.38402362549445,,,,0.11052502353930202,,,,,
499,45.59699161490188,2.4766472697810613,,,,0.04583945072818766,,,,,
500,45.90599236038315,2.2134859750279787,,,,0.1090561401152651,,,,,
501,45.94217338926142,2.1886242311527937,,,,0.07081979132511498,,,,,
502,46.00429687352511,2.197320538214221,,,,0.13903109823056412,,,,,
503,46.297097072812036,1.9314374027143586,,,,0.022443594869644368,,,,,
504,46.52001958421668,1.7309584861793539,,,,0.02715740299543394,,,,,
505,46.96213730245473,1.3159981709367443,,,,0.035646684720959734,,,,,
506,47.03560924683684,1.2781729112755897,,,,0.18950678924907607,,,,,
507,47.48025395930819,0.8603945506616952,,,,0.09852710437676854,,,,,
508,47.8399516017164,0.599224012630259,,,,0.00599692512133471,,,,,
509,47.86714726060494,0.5780252788630591,,,,0.12738922278624396,,,,,
510,48.25760554157838,0.24568340578312586,,,,0.002819335634657833,,,,,
511,48.31685046281152,0.18925782018463622,,,,0.19070252908819807,,,,,
512,48.38621981179052,0.1863419504637207,,,,0.16259331228422813,,,,,
513,48.460024701206,0.23678611087835577,,,,0.23743113351025755,,,,,
514,48.9496346955331,0.0,,,,0.29448009231412275,,,,,
515,49.316358838632226,0.0,,,,0.09726658545324636,,,,,
516,49.48924484849712,0.0,,,,0.17460070979735262,,,,,
517,50.032163635899224,0.0,,,,0.0235557028987086,,,,,
518,50.06218484552783,0.0,,,,0.62453587528759,,,,,
519,50.2081901860032,0.0,,,,0.1087928081409693,,,,,
520,50.25222160596843,0.0647613881757394,,,,0.06534094797045141,,,,,
521,50.26315997393371,0.11916396818090647,,,,0.3697814405888968,,,,,
522,50.59319591231153,0.09352480850389355,,,,0.3132578688667986,,,,,
523,51.033388882899736,0.0,,,,0.15062974827975648,,,,,
524,51.183184907618575,0.0,,,,0.09709862756623579,,,,,
525,51.61665959768142,0.0,,,,0.14540131251813018,,,,,
526,51.84634057871679,0.0,,,,0.0976051579130392,,,,,
527,52.28745767143914,0.0,,,,0.04033987695192026,,,,,
528,53.734114194155325,0.0,,,,0.2825284154965429,,,,,
529,53.827027018264126,0.0,,,,0.44049930355867234,,,,,
530,54.352476378535364,0.0,,,,0.03085773827371292,,,,,
531,55.080162961851556,0.0,,,,0.15032181185589963,,,,,
532,55.09773852994335,0.0,,,,0.09673090919107158,,,,,
533,55.15894054491704,0.0355288942173857,,,,0.4007189465348475,,,,,
534,55.165805232949864,0.06467954075758797,,,,0.009245431595239535,,,,,
535,55.33278833314233,0.0,,,,0.09962628252141113,,,,,
536,55.43832660713813,0.0,,,,0.19774064358093943,,,,,
537,55.529466099408516,0.06572228626075116,,,,0.07147415400055562,,,,,
538,55.56178509884248,0.07428215187659504,,,,0.040926222756046175,,,,,
539,55.60243242146042,0.06423011820940161,,,,0.11613943907794391,,,,,
540,55.90129491832606,0.0,,,,0.03511893868791498,,,,,
541,56.007786094413646,0.0,,,,0.009393084365290722,,,,,
542,56.072368122636384,0.0,,,,0.08066612505270328,,,,,
543,56.18375059615531,0.0,,,,0.26028671071189563,,,,,
544,56.23305012200554,0.0,,,,0.4339857808980514,,,,,
545,56.28196997304343,0.16206733382377791,,,,0.06515472358313691,,,,,
546,56.31184809898885,0.19734393146149642,,,,0.05887954315259174,,,,,
547,56.36717117796378,0.2009003956391524,,,,0.06971528639652154,,,,,
548,56.371631427192334,0.2661554328071247,,,,0.19412165739628715,,,,,
549,56.389355823768916,0.27768007913466874,,,,0.036106059114386115,,,,,
550,56.43312976201117,0.2700122000068035,,,,0.04397237390273772,,,,,
551,56.46342563172162,0.2836887041990934,,,,0.07589824181351601,,,,,
552,56.65395941260116,0.16905316513307156,,,,0.13586302656938035,,,,,
553,56.95419203479314,0.0,,,,0.0538964017676265,,,,,
554,57.20190341279916,0.0,,,,0.1218987977235847,,,,,
555,57.24089391391157,0.0,,,,0.13089696286608438,,,,,
556,57.259190546634,0.06461166388874062,,,,0.014460962079493232,,,,,
557,57.32584659176574,0.012416580836500657,,,,0.19878889454518703,,,,,
558,57.488813368178995,0.0,,,,0.19683917471133983,,,,,
559,57.503102843899285,0.03394922324814331,,,,0.08081220584203165,,,,,
560,57.5063719628,0.11149231018945471,,,,0.07485499028490708,,,,,
561,57.56531609291693,0.12033644997340787,,,,0.10539763354642175,,,,,
562,57.585058307035816,0.1076609562385471,,,,0.07521111811293517,,,,,
563,57.586740477680834,0.1811899037064606,,,,0.02095400937809631,,,,,
564,57.593221475937845,0.19566291482754394,,,,0.19958226901000437,,,,,
565,57.603200831974505,0.18784934446225776,,,,0.042403351883616734,,,,,
566,57.65580871384794,0.17764481447243696,,,,0.058012334771176254,,,,,
567,57.6919765003845,0.1994893627070553,,,,0.14365325976805718,,,,,
568,57.70566389090025,0.28280276887514333,,,,0.6931824703295785,,,,,
569,57.70910996567427,0.3260091571853394,,,,0.08756593802773868,,,,,
570,57.711132701564786,0.4115523593225632,,,,0.08969234304559275,,,,,
571,57.71468940326618,0.4976880006667628,,,,0.022858633037416577,,,,,
572,57.77414727713955,0.4610887598308082,,,,0.1799748242985513,,,,,
573,57.80692256646146,0.6082882948074513,,,,0.0028893995273613186,,,,,
574,57.86690501265862,0.5511952481376525,,,,0.3030745438335539,,,,,
575,57.86788519791276,0.8137639321922094,,,,0.0032584045243661576,,,,,
576,58.04365537582041,0.6412521588089319,,,,0.04263164351249743,,,,,
577,58.045492004932434,0.6756827996973911,,,,0.11306691758966363,,,,,
578,58.05440201076106,0.67313716738078,,,,0.06087294343309004,,,,,
579,58.05917010078702,0.7292420207879076,,,,0.31639516927315264,,,,,
580,58.17816097230416,0.6560807499153256,,,,0.004486310830663411,,,,,
581,58.18753974723981,0.6511882858103419,,,,0.12143170763337488,,,,,
582,58.196656009943176,0.7635037307403536,,,,0.1473343750630826,,,,,
583,58.208627738996036,0.8961795518520432,,,,0.3607514776050289,,,,,
584,58.26098975243562,0.8465043633109914,,,,0.059911587203633515,,,,,
585,58.27435351340676,0.8930521895434893,,,,0.2414945019406129,,,,,
586,58.31284321205584,1.096056992835024,,,,0.01890036367976227,,,,,
587,58.355383583547315,1.0724169850233096,,,,0.31758786314451265,,,,,
588,58.43182772754215,1.0337310409109577,,,,0.3182044962448887,,,,,
589,58.442343071761385,1.3030453599537495,,,,0.14200537676932287,,,,,
590,58.59256425730316,1.191199007394836,,,,0.04656332453393445,,,,,
591,58.60772434974269,1.222602239489241,,,,0.17478075441232163,,,,,
592,58.63550233670966,1.2518914717747975,,,,0.07025100833413139,,,,,
593,58.73983956750301,1.2178052493155818,,,,0.0022692173296270262,,,,,
594,58.74667134948135,1.2132426846668665,,,,0.04717758083260605,,,,,
595,58.764020567854196,1.241086775790059,,,,0.6665012969003611,,,,,
596,58.774798789601405,1.2322928253794174,,,,0.2126842193617203,,,,,
597,58.88158199293855,1.3381938414039922,,,,0.13513858680706828,,,,,
598,58.9309562519002,1.4239581692494099,,,,0.09011517350360408,,,,,
599,58.98813658337764,1.4568930112755751,,,,0.054480318776190834,,,,,
600,58.99913305161856,1.5003768618108495,,,,0.19236951961599105,,,,,
601,59.14011808822491,1.5314905523197098,,,,0.35653563412487904,,,,,
602,59.14938312899551,1.542496304049891,,,,0.019780353440835452,,,,,
603,59.19534670359423,1.5163130828920046,,,,0.0181836760362291,,,,,
604,59.225023857999005,1.5048196045234619,,,,0.08951157196401793,,,,,
605,59.44285759500627,1.376497439480218,,,,0.10751349083296678,,,,,
606,59.500858498909814,1.4260100264096351,,,,0.14615167984528585,,,,,
607,59.522048764054226,1.5060955106152747,,,,0.09685711618145594,,,,,
608,59.73890480021568,1.3341154049490598,,,,0.12231371402529924,,,,,
609,59.79639946256875,1.328601928282204,,,,0.005611836497459538,,,,,
610,59.80690142396433,1.3237118033840858,,,,0.2884470112219599,,,,,
611,59.853411828712574,1.3419220904774605,,,,0.14166100459961536,,,,,
612,59.881324116572124,1.4556708072175226,,,,0.05197320394547897,,,,,
613,59.93111856527762,1.457849562457504,,,,0.11231570757280761,,,,,
614,59.9397087105644,1.4793515280059708,,,,0.1962492514173171,,,,,
615,59.9975570851572,1.503726750150733,,,,0.05078048868926196,,,,,
616,60.05180580012181,1.500258523875381,,,,0.05707678250704343,,,,,
617,60.386835767211494,1.2223053392927454,,,,0.11178966698939381,,,,,
618,60.442004543733084,1.1733049462546106,,,,0.020839859209862147,,,,,
619,60.51947248604367,1.1166768631538915,,,,0.14989282192556866,,,,,
620,60.63757092711114,1.0833598463824927,,,,1.0342269316244757,,,,,
621,60.73532758155581,1.0507145895673204,,,,0.0017042350254315116,,,,,
622,60.76500572905988,1.0227406770886773,,,,0.03369428656229534,,,,,
623,60.921163519718036,0.9002771729928156,,,,0.05517610369592484,,,,,
624,60.93023210177209,0.9463846946346877,,,,0.0009225203714155677,,,,,
625,60.9547791296365,0.9227601871416979,,,,0.1736759195520754,,,,,
626,61.09572162851619,0.9554936078140841,,,,0.22986391506062168,,,,,
627,61.29337649000486,0.9877026613860309,,,,0.040700901058931996,,,,,
628,61.31176718123071,1.0100128712191179,,,,0.036528703796918714,,,,,
629,61.346551980497004,1.0117567757497383,,,,0.053998844318443304,,,,,
630,61.65996141114137,0.7523461894238181,,,,0.22562012399412706,,,,,
631,61.697564851196645,0.9403628733626661,,,,0.25901253336611185,,,,,
632,61.80843528306076,0.9467224220573485,,,,0.1353166046136936,,,,,
633,61.88773841902142,1.0027358907103832,,,,0.02425801485006647,,,,,
634,61.90378826974467,0.9931519881807489,,,,0.03470988908420346,,,,,
635,62.053807552183116,0.8609247723987536,,,,0.0646908718303406,,,,,
636,62.21110817690599,0.7205419701036391,,,,0.04212087994814798,,,,,
637,62.26238609579582,0.7113849311619589,,,,0.06204097473961577,,,,,
638,62.28375461314511,0.6956685832670999,,,,0.08795301622078326,,,,,
639,62.40416957061807,0.6316424310793209,,,,0.13475149715436097,,,,,
640,62.610044083901144,0.45733212873184925,,,,0.14369013834675254,,,,,
641,62.78384821131746,0.38671528753429385,,,,0.11436974286806025,,,,,
642,62.80900825345962,0.40205809752012556,,,,0.09401836822378638,,,,,
643,62.838415192132985,0.44651804958682817,,,,0.09120628981729624,,,,,
644,62.8728834906177,0.4322012285858321,,,,0.09393450727516407,,,,,
645,62.88826000876611,0.4878795227709958,,,,0.3660386613367681,,,,,
646,62.893266705840745,0.5057525206379552,,,,0.0746560373216348,,,,,
647,62.922748537056414,0.5509267267439242,,,,0.02044067168913757,,,,,
648,62.94217604345804,0.5519398920314345,,,,0.016293576898097607,,,,,
649,62.980176447551734,0.5302330648358407,,,,0.059149785793421505,,,,,
650,63.00562713240622,0.56393216577478,,,,0.11413220144572421,,,,,
651,63.02786463699954,0.6558268626271868,,,,0.2300897286364088,,,,,
652,63.11220467244372,0.6299735204301555,,,,0.11796278647753261,,,,,
653,63.23661352440114,0.6235274549502634,,,,0.13453320381347067,,,,,
654,63.35319230063696,0.5605889276261706,,,,0.0932380028435,,,,,
655,63.4454751430484,0.549199040116477,,,,0.01082233256638657,,,,,
656,63.44670440488099,0.5587921108502769,,,,0.017268642949367835,,,,,
657,63.46402448582889,0.5429947452777526,,,,0.2523551068802429,,,,,
658,63.57234872261652,0.45041643606410986,,,,0.2213300807716033,,,,,
659,63.64481489375254,0.5992803456996967,,,,0.07414018445514266,,,,,
660,63.71207711408954,0.5472972238973455,,,,0.1266919628926089,,,,,
661,63.77399705110906,0.5442383727983184,,,,0.020468469466822414,,,,,
662,63.81745794859357,0.521245944780631,,,,0.11940499288249358,,,,,
663,63.99336875768993,0.39269754318956274,,,,0.2962598934538022,,,,,
664,64.20930881360414,0.248800072652557,,,,0.07282121776128742,,,,,
665,64.215655765877,0.3152743381409806,,,,0.025132787397070866,,,,,
666,64.24596369067974,0.3100992007353085,,,,0.021628620100773807,,,,,
667,64.3013079851139,0.2763835264019292,,,,0.011167480953060641,,,,,
668,64.32234791690753,0.266511075561354,,,,0.002374871123506692,,,,,
669,64.3407800256064,0.25045383798598664,,,,0.19166401853290246,,,,,
670,64.40011646320984,0.2822097311234586,,,,0.13911394265767674,,,,,
671,64.41543295559221,0.3674649265330885,,,,0.040525440674286865,,,,,
672,64.43465548593367,0.3867846510572974,,,,0.10449161726374304,,,,,
673,64.59575004940646,0.2276732733931226,,,,0.07935806616469135,,,,,
674,64.6437530723181,0.259028316646166,,,,0.022987971393639173,,,,,
675,64.70597539163026,0.21979396872764312,,,,0.197120159016558,,,,,
676,64.71390354635618,0.21202820789854115,,,,0.6163800377098319,,,,,
677,64.74602649546661,0.376863023907859,,,,0.10781994449209159,,,,,
678,64.76358575155031,0.46712371231625127,,,,0.24008898780747828,,,,,
679,64.83862720722752,0.6321712444465248,,,,0.04947823256246281,,,,,
680,64.89050374722197,0.6297729370145362,,,,0.024578375790568416,,,,,
681,64.99777542875425,0.5445363632102982,,,,0.0454198820028338,,,,,
682,65.1010234236928,0.4438316363342807,,,,0.1809838581547438,,,,,
683,65.14316938943215,0.4445622845352375,,,,0.2970909225323627,,,,,
684,65.19611187035498,0.5297270478268388,,,,0.04076096221912038,,,,,
685,65.32545247110804,0.44114740929290974,,,,0.08702233829488912,,,,,
686,65.35108684677039,0.5025353719254468,,,,0.07631037202743605,,,,,
687,65.41940429618262,0.4654183003171255,,,,0.20940798550336803,,,,,
688,65.4228488473871,0.5070837433361675,,,,0.18342636039120822,,,,,
689,65.4991209170896,0.5951096649135081,,,,0.07442842930283881,,,,,
690,65.50385196657315,0.6095069845413263,,,,0.1988157105265771,,,,,
691,65.53968896038414,0.6289700509218079,,,,0.1189824432011023,,,,,
692,65.60566618111623,0.6819752733908189,,,,0.1603313101523682,,,,,
693,65.60919327278516,0.7029813888558891,,,,0.2706894499299253,,,,,
694,65.85947381620419,0.5884989484552392,,,,0.12523039390130555,,,,,
695,65.91431437164682,0.6588887869139057,,,,0.048524071344947226,,,,,
696,65.9334229537585,0.6494411578124897,,,,0.08352608856175003,,,,,
697,66.06478899659615,0.5569382333095234,,,,0.3505632714174463,,,,,
698,66.10728136218357,0.559108837949168,,,,0.46719662678002294,,,,,
699,66.16258794633175,0.809702554991361,,,,0.024175788880429108,,,,,
700,66.17052191835029,0.8259443718532538,,,,0.18062352285770386,,,,,
701,66.24179970995426,0.891787116958497,,,,0.08592049199807428,,,,,
702,66.2459119837597,0.9311778293015465,,,,0.2308341301819502,,,,,
703,66.26953143462266,0.9499758842881789,,,,0.09868621764049422,,,,,
704,66.28285518569386,1.0353383508574723,,,,0.07677762198403375,,,,,
705,66.28381461957731,1.1111565389580562,,,,0.01425658313525676,,,,,
706,66.39536690014857,1.012557043094617,,,,0.11473717992712035,,,,,
707,66.43602050246464,0.9732072392059763,,,,0.48634286425359646,,,,,
708,66.44113279687393,1.0815283262963789,,,,0.1785510616665648,,,,,
709,66.44669901557411,1.254513169262765,,,,0.009759619822202812,,,,,
710,66.53876132645976,1.1722104781993181,,,,0.11451614971802655,,,,,
711,66.64116139439253,1.1843265599845836,,,,0.09197592613904208,,,,,
712,66.65678863932982,1.2387819665944022,,,,0.12989159280448717,,,,,
713,66.65986375410736,1.2576001264087893,,,,0.09557731858548275,,,,,
714,66.67916617579667,1.3338750233049694,,,,0.016863006380577514,,,,,
715,66.70239999617885,1.323062202549849,,,,0.03737934513780433,,,,,
716,66.80797061724041,1.2219335882417965,,,,0.24479358515023233,,,,,
717,66.81583273517816,1.2470088086883493,,,,0.083324153192039,,,,,
718,66.82568853133155,1.3204771657269987,,,,0.2715744703974111,,,,,
719,66.92318315238703,1.351514638245419,,,,0.12091638720879737,,,,,
720,66.92621174764962,1.4694024301916215,,,,0.28195755502659986,,,,,
721,66.93775084854644,1.4799893189095172,,,,0.002363065169249418,,,,,
722,67.02848298500746,1.3916202476177517,,,,0.10011240508768433,,,,,
723,67.14096017305442,1.3792554646584705,,,,0.17682293776616567,,,,,
724,67.20169601657587,1.4758757162919665,,,,0.06412292273181543,,,,,
725,67.20182853024387,1.4952100452351829,,,,0.015086439264251471,,,,,
726,67.26997334444374,1.442151670299566,,,,0.06738934689095258,,,,,
727,67.37933403477984,1.3623606208197998,,,,0.037130063382592664,,,,,
728,67.50692991354089,1.2718948054413488,,,,0.0485329896840441,,,,,
729,67.548671313233,1.2308430484012547,,,,0.032298443000017434,,,,,
730,67.58850816876807,1.2233046358661994,,,,0.5190171813458663,,,,,
731,67.62858116251131,1.1987765461549742,,,,0.09648588615476339,,,,,
732,67.6794625261555,1.2443810686655468,,,,0.0610362138814602,,,,,
733,67.70633616140992,1.2785436472925937,,,,0.38826302227186404,,,,,
734,67.721047381278,1.609782604702147,,,,0.14995945880177378,,,,,
735,67.7449105131936,1.6282323177807712,,,,0.0338866485908546,,,,,
736,67.74642036071072,1.6606091188545093,,,,0.009225744196945761,,,,,
737,67.80842535626341,1.6078298674987508,,,,0.022014467663769938,,,,,
738,67.81345637173901,1.6248133196869219,,,,0.028166699427135514,,,,,
739,67.85747890957413,1.6089574812789351,,,,0.1388133382096642,,,,,
740,67.94041900386956,1.5403704409123549,,,,0.2337739143745352,,,,,
741,67.95510749079206,1.6501422382706608,,,,0.2896573909695351,,,,,
742,67.97947330738978,1.7350900517666759,,,,0.04910297574667864,,,,,
743,68.015239067955,1.7484272669481413,,,,0.3335974600412519,,,,,
744,68.25692699886247,1.6379801211697895,,,,0.2582997433799574,,,,,
745,68.26301748155986,1.8342463133845257,,,,0.2063249431471231,,,,,
746,68.31068552277736,1.8425213406348462,,,,0.0037074635168269404,,,,,
747,68.55556494647765,1.6013493804513956,,,,0.0910016118888626,,,,,
748,68.83676062119376,1.4111553176241358,,,,0.07796995868674113,,,,,
749,68.88112441901842,1.422464319073086,,,,0.004989187277157993,,,,,
750,68.92253424128785,1.3860436840808177,,,,0.08324334094296831,,,,,
751,68.94534818338867,1.3805377141159596,,,,0.11727548407522267,,,,,
752,69.02584362094576,1.3659776453658736,,,,0.4359447070217836,,,,,
753,69.11602559134317,1.3271357902366816,,,,0.14479593430756074,,,,,
754,69.23801398551092,1.3499433303765045,,,,0.0998960341048593,,,,,
755,69.32648313961512,1.36137021037716,,,,0.4360629713533271,,,,,
756,69.37737623424424,1.4503897390891893,,,,0.33370924199415736,,,,,
757,69.44905212395422,1.6748641973913863,,,,0.054378589163263026,,,,,
758,69.57387953079231,1.5875956845352732,,,,0.028263704043885354,,,,,
759,69.78871983629972,1.389575074209148,,,,0.04516727560790936,,,,,
760,69.84726523960911,1.3424736797623495,,,,0.09931796594433484,,,,,
761,69.87756172315133,1.3459004629654459,,,,0.007271264569909854,,,,,
762,69.94154469477724,1.28918875590945,,,,0.06533937858141904,,,,,
763,70.42762115916905,0.8614357261467518,,,,0.27426197155857396,,,,,
764,70.47637335072133,0.8196994785467666,,,,0.17706738437447467,,,,,
765,70.58218860961314,0.8909516040294392,,,,0.1037972537522499,,,,,
766,70.85799144547498,0.705327411399395,,,,0.0963426388135684,,,,,
767,71.91161433303833,0.0,,,,0.13135563371400677,,,,,
